Algorithm,1,2,3,4,5,6,Expectation
Baseline,1,1223,14425,1431,0,0,3.01206089
Only Valid,1,1258,14261,1560,0,0,3.017564403
No Heuristic,1,335,14165,2579,0,0,3.131264637
Estimator,1,1445,13862,1758,14,0,3.019847775
